-- =============================================================================
-- Import des élèves Sainte Famille 2025-2026
-- Base: trayeber_primaire
-- Unicité: un seul élève par CODE ECOLE (dédupliqué depuis le CSV)
-- =============================================================================

SET NAMES utf8mb4;
SET FOREIGN_KEY_CHECKS = 0;

-- -----------------------------------------------------------------------------
-- 1. Niveaux d'éducation (Maternelle regroupe PS, MS, GS)
-- -----------------------------------------------------------------------------
INSERT IGNORE INTO `education_levels` (`id`, `name`, `description`, `tuition_amount`, `registration_fee`, `cantine_amount`, `is_active`, `order_index`) VALUES
(1, 'Maternelle', 'PS, MS, GS (Petite, Moyenne, Grande Section)', 120000, 40000, 130000, 1, 1),
(2, 'CP1', 'Cours Préparatoire 1ère année', 130000, 40000, 130000, 1, 2),
(3, 'CP2', 'Cours Préparatoire 2ème année', 130000, 40000, 130000, 1, 3),
(4, 'CE1', 'Cours Élémentaire 1ère année', 140000, 40000, 130000, 1, 4),
(5, 'CE2', 'Cours Élémentaire 2ème année', 140000, 40000, 130000, 1, 5),
(6, 'CM1', 'Cours Moyen 1ère année', 150000, 40000, 130000, 1, 6),
(7, 'CM2', 'Cours Moyen 2ème année', 150000, 40000, 130000, 1, 7);

-- -----------------------------------------------------------------------------
-- 2. Classes pour l'année 2025-2026 (PS/MS/GS = Maternelle)
-- -----------------------------------------------------------------------------
INSERT IGNORE INTO `classes` (`name`, `education_level_id`, `academic_year`, `school_year`, `main_teacher_id`, `timetable_published`) VALUES
('PS', 1, '2025-2026', '2025-2026', NULL, 0),
('MS', 1, '2025-2026', '2025-2026', NULL, 0),
('GS', 1, '2025-2026', '2025-2026', NULL, 0),
('CP1', 2, '2025-2026', '2025-2026', NULL, 0),
('CP2', 3, '2025-2026', '2025-2026', NULL, 0),
('CE1', 4, '2025-2026', '2025-2026', NULL, 0),
('CE2', 5, '2025-2026', '2025-2026', NULL, 0),
('CM1', 6, '2025-2026', '2025-2026', NULL, 0),
('CM2', 7, '2025-2026', '2025-2026', NULL, 0);

-- -----------------------------------------------------------------------------
-- 3. Contrainte d'unicité sur le code élève
-- -----------------------------------------------------------------------------
-- À exécuter une seule fois. Si l'index existe déjà, ignorer l'erreur.
ALTER TABLE `students` ADD UNIQUE KEY `unique_student_code` (`student_code`);

-- -----------------------------------------------------------------------------
-- 4. Table temporaire de staging (CODE ECOLE unique + DATE d'inscription)
-- -----------------------------------------------------------------------------
CREATE TEMPORARY TABLE IF NOT EXISTS _staging_import (
  student_code VARCHAR(20) NOT NULL,
  last_name VARCHAR(100) NOT NULL,
  first_name VARCHAR(255) NOT NULL,
  class_name VARCHAR(10) NOT NULL,
  enrollment_date DATE DEFAULT NULL
);

INSERT INTO _staging_import (student_code, last_name, first_name, class_name, enrollment_date) VALUES
  ('2026/602', 'DOUA', 'EVE MAELLE ELISCHEBA', 'CE1', '2025-07-14'),
  ('2026/301', 'KOUADIO', 'ESSOUMA DORIOA ESTHER', 'GS', '2025-07-14'),
  ('2026/901', 'KOUADIO', 'ESSOUMA RANIA TRYPHENE', 'CM2', '2025-07-14'),
  ('2026/902', 'KOUADIO', 'ESSOUMA ARIELLE LIRANE', 'CM2', '2025-07-14'),
  ('2026/701', 'KOUADIO', 'ESSOUMA EMIRA NOURELLE', 'CE2', '2025-07-14'),
  ('2026/501', 'N''GORAN', 'KOUAME KLIAN ARCHANGE', 'CP2', '2025-07-14'),
  ('2026/201', 'N''GORAN', 'MOAHE JOA GUIN', 'MS', '2025-07-14'),
  ('2026/401', 'ATTE', 'ANGE EVAN YANNIS', 'CP1', '2025-07-14'),
  ('2026/402', 'KOUASSI', 'MIENSAH PHANUEL RAYANE', 'CP1', '2025-07-14'),
  ('2026/801', 'KOUASSI', 'AFFOUA SOURALE KYRIANE', 'CM1', '2025-07-14'),
  ('2026/502', 'KOFFI', 'ANGRE ANGE MYLANE', 'CP2', '2025-07-14'),
  ('2026/302', 'KOUASSI', 'AFFOUA KOUMAN ADONIJA', 'GS', '2025-07-14'),
  ('2026/802', 'KOUASSI', 'AKOUA MIEN THIMI SCHENARIA', 'CM1', '2025-07-14'),
  ('2026/403', 'TABLA', 'KENORA COLETTE', 'CP1', '2025-07-14'),
  ('2026/503', 'KOUADIO', 'ELIKE DE BAYER MARIE KLIAN', 'CP2', '2025-07-14'),
  ('2026/722', 'BAMBA', 'EL ADJ VACOUS', 'CE2', '2025-07-15'),
  ('2026/504', 'BAMBA', 'MOHAMED DE BARACK', 'CP2', '2025-07-15'),
  ('2026/404', 'KOUADIO', 'ADJOUA DENISE ANAELLE', 'CP1', '2025-07-15'),
  ('2026/603', 'HAHOUSSY', 'CHRIST KYLIAN', 'CE1', '2025-07-15'),
  ('2026/604', 'AKA', 'ETHIEN LAEL PRUNOME', 'CE1', '2025-07-18'),
  ('2026/405', 'SAGANOGO', 'MAMATIE MERYEN ALISHA', 'CP1', '2025-07-18'),
  ('2026/303', 'AGLI', 'NAOMIE COLOMBE AKOSSIWA', 'GS', '2025-07-19'),
  ('2026/605', 'AGLI', 'AKOUA ANAIA PENIEL', 'CE1', '2025-07-18'),
  ('2026/903', 'AGLI', 'GRACE BEREKIA', 'CM2', '2025-07-19'),
  ('2026/803', 'KANGA', 'ANNASSE HAROLD ELIE', 'CM1', '2025-07-21'),
  ('2026/505', 'KANGA', 'KONAN EMMANUEL ISRAEL', 'CP2', '2025-07-21'),
  ('2026/304', 'BODJONA', 'AMALIA MARIE BIDENAM', 'GS', '2025-07-21'),
  ('2026/202', 'GNADO', 'MICHAEL EURIDIE MARC AUREOLE', 'MS', '2025-07-22'),
  ('2026/606', 'KONE', 'SECOLTEGUI SERAYA ANAELLE', 'CE1', '2025-07-23'),
  ('2026/406', 'KONE', 'NEGNON JOANNA ZARA', 'CP1', '2025-07-23'),
  ('2026/607', 'ADOU', 'RAYAN ANGE ETHAN', 'CE1', '2025-07-24'),
  ('2026/305', 'ABOULE', 'HIRAM NOAH GNANKEY', 'GS', '2025-07-24'),
  ('2026/608', 'ABOULE', 'ANAELLE MARIE PRUNELLE', 'CE1', '2025-07-24'),
  ('2026/804', 'LEHOUO', 'ANGE EMMANUEL', 'CM1', '2025-07-24'),
  ('2026/407', 'KOUADIO', 'MARIE KEREN EDNA', 'CP1', '2025-07-24'),
  ('2026/705', 'KOUADIO', 'MARIE JADE JEHUDIEL', 'CE2', '2025-07-24'),
  ('2026/904', 'KOUADIO', 'MARIE DANIEL', 'CM2', '2025-07-24'),
  ('2026/203', 'DAMOU', 'KIMIA MICHELLE', 'MS', '2025-07-25'),
  ('2026/408', 'DAMOU', 'MIEN SAH SHADRAC', 'CP1', '2025-07-25'),
  ('2026/409', 'ADOU', 'KARENA KYLIANE', 'CP1', '2025-07-26'),
  ('2026/410', 'SAGOU', 'BOTTY ELIEL', 'CP1', '2025-07-28'),
  ('2026/905', 'SAGOU', 'ANGE ESTHER', 'CM2', '2025-07-28'),
  ('2026/306', 'KANE', 'MARIE LISHA ELVIRA', 'GS', '2025-07-28'),
  ('2026/610', 'KANE', 'NOUTHOUA BENIE ARIEL', 'CE1', '2025-07-28'),
  ('2026/411', 'ATTE', 'KAMA DAVID GOLDEN', 'CP1', '2025-07-28'),
  ('2026/412', 'NENE', 'LOU MAEVA', 'CP1', '2025-07-28'),
  ('2026/506', 'SOUMAHORO', 'ELISHA DAVID EDEN', 'CP2', '2025-07-29'),
  ('2026/906', 'ASSANDE', 'MASNY MARIE EVANE', 'CM2', '2025-07-29'),
  ('2026/703', 'AKE', 'DJOMAN REINE ESTHER', 'CE2', '2025-07-30'),
  ('2026/805', 'AKE', 'DJOMAN ANGE MIRACLE', 'CM1', '2025-07-30'),
  ('2026/413', 'SOMBO', 'MANBO ETHAN CHRIST A', 'CP1', '2025-07-30'),
  ('2026/704', 'VAGNILOU', 'GLOIRE BLESSING', 'CE2', '2025-07-31'),
  ('2026/507', 'KOUANDI', 'AMANTCHI PAUL NOAH KYLIAN', 'CP2', '2025-08-04'),
  ('2026/414', 'ROUZOUA', 'NABET NOLANNE KOUROLIAM', 'CP1', '2025-08-04'),
  ('2026/706', 'OBIERIEE', 'CHICAIMA GRACIOUS', 'CE2', '2025-08-04'),
  ('2026/611', 'ASSAMOI', 'ADJOSSAN CEPHAS', 'CE1', '2025-08-05'),
  ('2026/307', 'ASSAMOI', 'YONAH ELVIRA', 'GS', '2025-08-05'),
  ('2026/308', 'YAMA', 'ELEANI ORNELA VICTORIA', 'GS', '2025-08-06'),
  ('2026/415', 'CISSE', 'MOHAMMAD CHEICK EMIR', 'CP1', '2025-08-06'),
  ('2026/508', 'COULIBALY', 'KATANAN MAEL CHEICK', 'CP2', '2025-08-08'),
  ('2026/509', 'GNONSIAN', 'BOYA JOHANNE AXELLE', 'CP2', '2025-08-09'),
  ('2026/907', 'GNONSIAN', 'BEHODJI JAURES DAVY', 'CP2', '2025-08-09'),
  ('2026/309', 'TREH', 'DETO ILAN ELOAN', 'GS', '2025-08-11'),
  ('2026/908', 'KOUADIO', 'YAH ODELIA', 'CM2', '2025-08-12'),
  ('2026/909', 'KOUASSI', 'HANNIEL MIENMAN YOHAN', 'CM2', '2025-08-12'),
  ('2026/204', 'KOUASSI', 'HANNIEL MIENMO YERIEL', 'MS', '2025-08-12'),
  ('2026/806', 'GOULEHI', 'KELADYMAN MARIE NATHIS', 'CM1', '2025-08-13'),
  ('2026/510', 'GOULEHI', 'KELAHASSAM ESLI', 'CP2', '2025-08-13'),
  ('2026/511', 'KOBON', 'KEEVAN JOAN ADOU', 'CP2', '2025-08-14'),
  ('2026/613', 'MENEGNE', 'GOHOUA CHRIST DAVID R', 'CE1', '2025-08-14'),
  ('2026/614', 'DEMBELE', 'AWA MALICKA MIANE', 'CE1', '2025-08-14'),
  ('2026/416', 'CISSE', 'AWA HAYAT', 'CP1', '2025-08-14'),
  ('2026/910', 'CISSE', 'MOUSOUMATA', 'CM2', '2025-08-14'),
  ('2026/807', 'OUATTARA', 'NADJAMAN MALIKA', 'CM1', '2025-08-16'),
  ('2026/205', 'OUATTARA', 'SONIA YASSINE', 'MS', '2025-08-16'),
  ('2026/544', 'TAYAURO', 'KOFFI CRIS JOSUE', 'CE1', '2025-08-18'),
  ('2026/310', 'TAYAURO', 'KPETCHI ARIEL EMMANUEL', 'GS', '2025-08-18'),
  ('2026/615', 'KOUADIO', 'AYA YASMINE ELINA', 'CE1', '2025-08-18'),
  ('2026/418', 'ASSI', 'EMMANUELLE EDEN', 'CP1', '2025-08-19'),
  ('2026/619', 'KONAN', 'CHRIST FARELLE', 'CP1', '2025-08-19'),
  ('2026/808', 'KOKOHOU', 'N''CHO AKLUNDJUE ETHAN', 'CM1', '2025-08-19'),
  ('2026/707', 'GOZE', 'TAPE ANNYAR MARY KETY', 'CE2', '2025-08-19'),
  ('2026/311', 'KOUAKOU', 'AMOIN PEYTON EXAUCE', 'GS', '2025-08-19'),
  ('2026/419', 'KONAN', 'CHRIST FARELLE MELYAN', 'CP1', '2025-08-19'),
  ('2026/708', 'KOFFI', 'YAPO CHARBE OR NEDECH', 'CE2', '2025-08-20'),
  ('2026/206', 'KOUAKOU', 'KYLIAN SYLVA CHRIS YOAN', 'MS', '2025-08-21'),
  ('2026/809', 'OUATTARA', 'SAMUEL DYLAN MAEL', 'CM1', '2025-08-21'),
  ('2026/810', 'DIANE', 'YAPO KENAN THIMAEL GEDEON', 'CM1', '2025-08-21'),
  ('2026/911', 'GNANGO', 'ASHLEY HARMANDE', 'CM2', '2025-08-21'),
  ('2026/513', 'AKA', 'CRYON ANGE ABIGAELLE', 'CP2', '2025-08-23'),
  ('2026/811', 'COULIBALY', 'SIBRINAN ABDOUL DJALIL', 'CM1', '2025-08-23'),
  ('2026/514', 'COULIBAL', 'DJAMILA BINISSA', 'CP2', '2025-08-23'),
  ('2026/710', 'NANDJE', 'ELIEL MILANE KILIAN', 'CE2', '2025-08-25'),
  ('2026/711', 'KONATE', 'APO FATOUMATA ZARAH', 'CE2', '2025-08-26'),
  ('2026/312', 'KONATE', 'SALIF MOHAMED YASSINE', 'GS', '2025-08-26'),
  ('2026/313', 'GNANKAN', 'EMLYS YONAH LUDRILA', 'GS', '2025-08-26'),
  ('2026/420', 'BONI', 'ADOUPO BERENICE ARIEL', 'CP1', '2025-08-27'),
  ('2026/421', 'GNADO', 'MICHAEL EURIDIE MARC AUREOLE', 'MS', '2025-08-28'),
  ('2026/617', 'DIARRASSOUBA', 'ELISABETH', 'CE1', '2025-08-28'),
  ('2026/314', 'DIARRASSOUBA', 'JOSUE', 'GS', '2025-08-28'),
  ('2026/209', 'KOUTOUAN', 'ANOUGBE MARIE NOELLA', 'CE1', '2025-08-29'),
  ('2026/618', 'KONAN', 'ALLADJE YAHELA ASTRIDE REINE', 'CP2', '2025-08-29'),
  ('2026/813', 'YEBOUA', 'ABRAN ANNE ESTHER', 'CM1', '2025-08-29'),
  ('2026/814', 'GOUESSE', 'CHRIST YVAN MATTEO', 'CM1', '2025-08-30'),
  ('2026/519', 'MONDJIBA', 'PENOHET ELSA', 'CP2', '2025-08-30'),
  ('2026/315', 'PEKAOU', 'ANIN MYRIAM AXELLE', 'GS', '2025-08-30'),
  ('2026/815', 'DODO', 'ETHAN', 'CM1', '2025-08-30'),
  ('2026/817', 'DJEDJRO', 'AMA OSYLANE', 'CM1', '2025-09-01'),
  ('2026/316', 'KOUAME', 'ALLEGRA ELIF SERENA', 'GS', '2025-09-01'),
  ('2026/210', 'OGUNTOLA', 'GJEZRO KYMIA NORA', 'MS', '2025-09-01'),
  ('2026/620', 'ABONGA', 'MIENMO WESLEY', 'CE1', '2025-09-01'),
  ('2026/714', 'COULIBALY', 'FATOUMATOU', 'CE2', '2025-09-01'),
  ('2026/621', 'SANOGO', 'IBRAHIM', 'CE1', '2025-09-01'),
  ('2026/725', 'KOUAME', 'KONAN PENIEL', 'CE2', '2025-09-01'),
  ('2026/520', 'KOUASSI', 'KOFFI BENI EVAN', 'CP2', '2025-09-02'),
  ('2026/716', 'KOUAME', 'ELISHA YASMINE BLEMOHAE', 'CE2', '2025-09-02'),
  ('2026/912', 'SYLLA', 'FANTA', 'CM2', '2025-09-02'),
  ('2026/521', 'YEO', 'SIENFOUNGO AWA ACHLEY', 'CP2', '2025-09-02'),
  ('2026/317', 'EHOUMAN', 'BROU AMA NAWEL ILYANA', 'GS', '2025-09-02'),
  ('2026/818', 'BOSSONAN', 'ELINA MAELYS', 'CM1', '2025-09-02'),
  ('2026/522', 'ZADI', 'ZEY GRACE DIVINE', 'CP2', '2025-09-02'),
  ('2026/719', 'YAO', 'MOAYE TRIPHAINE ESTHER', 'CE2', '2025-09-03'),
  ('2026/718', 'DJEDJE', 'CASSANDRA ANGE MARIE', 'CE2', '2025-09-03'),
  ('2026/523', 'YAO', 'ABAYOMI ELI SAMUJEL', 'CP2', '2025-09-03'),
  ('2026/720', 'ABO', 'MERIC CHRIS DAVID', 'CE2', '2025-09-03'),
  ('2026/423', 'KONE', 'KINAFOU FADI FATOU', 'CP1', '2025-09-03'),
  ('2026/913', 'KOUASSI', 'GNAMIEN BENI YANNEL', 'CM2', '2025-09-03'),
  ('2026/524', 'KOUASSI', 'AKOUA PRUNELLE YASMINE', 'CP2', '2025-09-03'),
  ('2026/721', 'KOUAME', 'YE NFIMIEN MARIE EUTYCHE', 'CE2', '2025-09-03'),
  ('2026/702', 'BAMBA', 'EL ADJ VACOUS', 'CE2', '2025-09-05'),
  ('2026/622', 'AKOUA', 'YVES HENRI MOAYE', 'CE1', '2025-09-05'),
  ('2026/623', 'BAGNON', 'DAVID JONATHAN', 'CE1', '2025-09-05'),
  ('2026/723', 'SAM', 'FATIM INGRID', 'CE2', '2025-09-06'),
  ('2026/318', 'KEDJEBO', 'MAX YAEL LIAM HARVEY', 'GS', '2025-09-06'),
  ('2026/914', 'KEDJEBO', 'MARIE ANGE EUNICE', 'CM2', '2025-09-06'),
  ('2026/915', 'KOUASSI', 'EMMANUEL CHRIST ISRAEL', 'CM2', '2025-09-06'),
  ('2026/819', 'YAO', 'KRA KOBINAN HERACE OUEN', 'CM1', '2025-09-06'),
  ('2026/916', 'N''GANDJUI', 'BADI YOHAN LANGE', 'CM2', '2025-09-06'),
  ('2026/424', 'KOUADIO', 'CHRIS NOAH HERVE', 'CP1', '2025-09-06'),
  ('2026/820', 'MOHAMMADOU', 'DJEZRO KENDRA MEDINE', 'CM1', '2025-09-06'),
  ('2026/624', 'MEITE', 'ZEGUERA KUBURA', 'CE1', '2025-09-08'),
  ('2026/319', 'MEITE', 'SOUALHIO', 'GS', '2025-09-08'),
  ('2026/525', 'KABRAN', 'ADJE MARIE FLEUR', 'CP2', '2025-09-08'),
  ('2026/211', 'KABRAN', 'AMA MIENSAH PRECIEUSE', 'MS', '2025-09-08'),
  ('2026/526', 'KONAN', 'KOUASSI YEAH LUC', 'CP2', '2025-09-08'),
  ('2026/625', 'ADOUAN', 'N''CHO ELOGE MISAEL', 'CE1', '2025-09-08'),
  ('2026/917', 'ADOUAN', 'OTHINIEL LUMENA MARIE HENRIETE', 'CM2', '2025-09-08'),
  ('2026/427', 'AGNERO', 'GNAGNE', 'CP1', '2025-09-08'),
  ('2026/527', 'ESSAN', 'ANGE EMMANUEL', 'CP2', '2025-09-08'),
  ('2026/528', 'KOUASSI', 'KOFFI ENOK', 'CP2', '2025-09-08'),
  ('2026/428', 'DJAKE', 'KOUTOUAN AUDE MARIE', 'CP1', '2025-09-08'),
  ('2026/626', 'DJAKE', 'BENSALEM CHRIST PHILIPPE', 'CE1', '2025-09-08'),
  ('2026/821', 'DJAKE', 'SAGOU MAGUY MARIE PHILOMENE', 'CM1', '2025-09-08'),
  ('2026/918', 'DJAKE', 'SAGOU YEDIDIA PAUL DANIEL', 'CM2', '2025-09-08'),
  ('2026/529', 'BAHI', 'PRECIEUSE PRISCILLE', 'CP2', '2025-09-08'),
  ('2026/919', 'DOUA', 'CYRUS', 'CM2', '2025-09-08'),
  ('2026/822', 'AKA', 'VIGBO INES INGRID', 'CM1', '2025-09-08'),
  ('2026/920', 'KEY', 'VICTOIRE DIVINE', 'CM2', '2025-09-08'),
  ('2026/627', 'WOGNIN', 'WOGNIN HANNIEL LYRAN', 'CE1', '2025-09-09'),
  ('2026/324', 'MBETIE', 'GUY LAEL', 'GS', '2025-09-09'),
  ('2026/921', 'KPAGBI', 'PASCAL URIELLE', 'CM2', '2025-09-09'),
  ('2026/922', 'MINENE', 'RAYANE ABDALLAH', 'CM2', '2025-09-09'),
  ('2026/824', 'DJIZO', 'ESDRAS', 'CM1', '2025-09-09'),
  ('2026/530', 'DJIZO', 'ARIEL', 'CP2', '2025-09-09'),
  ('2026/429', 'BINDE', 'SOURALE AURORE', 'CP1', '2025-09-09'),
  ('2026/628', 'BINDE', 'BLELASSIEN MELVIN IRAM', 'CE1', '2025-09-09'),
  ('2026/213', 'GUEI', 'ESLI BEREKA', 'MS', '2025-09-10'),
  ('2026/629', 'KOFFI', 'EMMANUEL DOXA', 'CE1', '2025-09-10'),
  ('2026/321', 'KOFFI', 'CHLOE LOIS DOXA', 'GS', '2025-09-10'),
  ('2026/923', 'TRAORE', 'SAMANTA MARIE PRUNELLE', 'CM2', '2025-09-10'),
  ('2026/214', 'ABOPROUO', 'MEDERIC ELIEL', 'MS', '2025-09-10'),
  ('2026/726', 'KOUASSI', 'KOKO RAOUL', 'CM1', '2025-09-11'),
  ('2026/322', 'KONAN', 'YAO MILAN', 'GS', '2025-09-11'),
  ('2026/430', 'HIEN', 'SANSAN LYAN SCHAMA', 'CP1', '2025-09-11'),
  ('2026/323', 'ABIE', 'ZOGOE GRACE', 'GS', '2025-09-11'),
  ('2026/630', 'ABIE', 'ZOGOE MARIE CARMELLE', 'CE1', '2025-09-11'),
  ('2026/431', 'KOUMAGATE', 'RAYANE', 'CP1', '2025-09-11'),
  ('2026/727', 'DIABE', 'DJOUROU CHRIST', 'CE2', '2025-09-11'),
  ('2026/924', 'KOUAO', 'CHILE', 'CM2', '2025-09-11'),
  ('2026/432', 'POUNDOU', 'BIKI OUTSI', 'CP1', '2025-09-11'),
  ('2026/212', 'DJIZO', 'BATCHO LUCE MAELYS', 'MS', '2025-09-11'),
  ('2026/631', 'AKE', 'BROU MARC AURELIX', 'CE1', '2025-09-11'),
  ('2026/531', 'KANGA', 'TIECOURA NECHIRA DAVID', 'CP2', '2025-09-12'),
  ('2026/632', 'N''GUESSAN', 'AHUA EBRA ELVINE NOELLA', 'CE1', '2025-09-12'),
  ('2026/728', 'SANGARE', 'FLORA MARIE', 'CE2', '2025-09-12'),
  ('2026/215', 'GONDO', 'NOYA ATALIA PRIELLE', 'MS', '2025-09-12'),
  ('2026/216', 'ACLINOU', 'KETOURA SASHA', 'MS', '2025-09-12'),
  ('2026/729', 'DIAKITE', 'IMAD ETHAN', 'CE2', '2025-09-12'),
  ('2026/927', 'EHIMAN', 'DIBY YANNIS', 'CM2', '2025-09-13'),
  ('2026/925', 'ZAKEHI', 'ZADI MARIE ANGELE ASHLEY', 'CM2', '2025-09-13'),
  ('2026/217', 'LOHOUIN', 'CHRIS MAELLE KAYLA', 'MS', '2025-09-13'),
  ('2026/926', 'ZAN', 'BI KOUASSI KELLY JOSIAS', 'CM2', '2025-09-13'),
  ('2026/812', 'SORO', 'ANGE MESSI', 'CM1', '2025-09-13'),
  ('2026/532', 'KOAILE', 'YIPOU TRIOMPHE MAEVA', 'CP2', '2025-09-13'),
  ('2026/433', 'N''ZI', 'YEMISSA ASTRID LYS JONAH', 'CP2', '2025-09-13'),
  ('2026/730', 'EHIMAN', 'MOBIO NOAH', 'CE2', '2025-09-13'),
  ('2026/325', 'EHIMAN', 'DIBY LILIAN', 'GS', '2025-09-13'),
  ('2026/326', 'KOUASSI', 'MIENSA NOAH', 'GS', '2025-09-15'),
  ('2026/534', 'KOUASSI', 'SOURALEY KODESH SAPHIR', 'CP2', '2025-09-15'),
  ('2026/826', 'KOUASSI', 'AHOUDJOUE JASPE', 'CM1', '2025-09-15'),
  ('2026/633', 'YAO', 'AMANI EXANCE KAN MAX', 'CE1', '2025-09-15'),
  ('2026/634', 'BOKA', 'MAELLE PRUNELLE CHARITE', 'CE1', '2025-09-15'),
  ('2026/218', 'ESSE', 'KYLIAN OWAN', 'MS', '2025-09-13'),
  ('2026/535', 'ELEDJIN', 'MEIRA ANGE AURORE', 'CP2', '2025-09-15'),
  ('2026/327', 'KPAN', 'HYRA ZRANSAGUI MONDESIR', 'GS', '2025-09-15'),
  ('2026/328', 'ZAN', 'GORE BENIE KETHSIA', 'GS', '2025-09-16'),
  ('2026/329', 'BAHI', 'FOUNDE BLESSING JEAN ARIEL', 'GS', '2025-09-16'),
  ('2026/827', 'AHOULOU', 'RAHIM CHRIST JAURES', 'CM1', '2025-09-19'),
  ('2026/336', 'YAO', 'MOAYE MIEN NIAMISSOU ANNE', 'CP2', '2025-09-19'),
  ('2026/330', 'TOUVOLY', 'LUCAS NOAH', 'GS', '2025-09-19'),
  ('2026/537', 'YOBOUET', 'BENIAN SIBELLE', 'CP2', '2025-09-20'),
  ('2026/928', 'YOBOUET', 'N''NAPHIASSOU HANS LOUANE', 'CM2', '2025-09-20'),
  ('2026/331', 'BAMBA', 'AICHA MALIKA RAHINA', 'GS', '2025-09-22'),
  ('2026/635', 'OUENDE', 'KOUADIO ARCHANGE URIEL', 'CE1', '2025-09-22'),
  ('2026/929', 'OUENDE', 'YAO KAYRON MARVEL JUNIOR', 'CM2', '2025-09-22'),
  ('2026/828', 'LEBRI', 'JOEL JUNIOR', 'CM1', '2025-09-22'),
  ('2026/930', 'LEBRI', 'JAEL SERACK CLARISSE', 'CM2', '2025-09-22'),
  ('2026/931', 'SERY', 'ONIN KITTIM HANNIEL', 'CM2', '2025-09-24'),
  ('2026/731', 'SERY', 'APPEA CHALVI IVAN LEMESSI', 'CE2', '2025-09-24'),
  ('2026/219', 'SERY', 'MAELYS PRINCESSE NADRE', 'MS', '2025-09-24'),
  ('2026/732', 'AHOULOU', 'KAKOU IVAN BRAYAN DANIEL', 'CE2', '2025-09-24'),
  ('2026/434', 'AHOULOU', 'EKRA YOULIN DYLAN EXANCE', 'CP1', '2025-09-24'),
  ('2026/101', 'DOSSO', 'KING RAMADAN YASSER', 'PS', '2025-09-26'),
  ('2026/220', 'N''GUETTIA', 'KOFFI LIAN MERYL HANNIEL', 'MS', '2025-09-26'),
  ('2026/636', 'KOFFI', 'N''TAMOND ELIAKIM', 'CE1', '2025-09-26'),
  ('2026/829', 'FOUATI', 'BI IRIE CHRIST WINNER', 'CM1', '2025-09-26'),
  ('2026/830', 'YAPI', 'BORIS', 'CM1', '2025-09-27'),
  ('2026/637', 'SEA', 'GNOMBLRHI PRINCE', 'CE1', '2025-09-27'),
  ('2026/733', 'GBANSI', 'KESSELE ESTHER BERENICE', 'CE2', '2025-09-27'),
  ('2026/221', 'GBANSI', 'AYELA LIDVINE BENAYAH', 'MS', '2025-09-27'),
  ('2026/538', 'GUIA', 'ZNANNEU MAEL', 'CP2', '2025-09-27'),
  ('2026/539', 'KANE', 'KENDRY', 'CP2', '2025-09-27'),
  ('2026/222', 'KANE', 'LINDA RYANE', 'MS', '2025-09-27'),
  ('2026/518', 'KONAN', 'ALLADJE YAHELA ASTRIDE REINE', 'CP2', '2025-09-27'),
  ('2026/223', 'SELA', 'KEADOUAN EZECHIEL', 'MS', '2025-09-27'),
  ('2026/712', 'KOUASSI', 'ELISKA YASMINE', 'CE2', '2025-09-27'),
  ('2026/734', 'SELA', 'KEASSA ESAIE PRINCE KYLIA', 'CE2', '2025-09-27'),
  ('2026/435', 'SELA', 'KEASSEMAHE KEILA EXAUCEE', 'CP1', '2025-09-27'),
  ('2026/436', 'KOFFI', 'ELYAM BENJAMIN', 'CP1', '2025-09-29'),
  ('2026/831', 'KOFFI', 'KENAN RACHAM EZECHIEL', 'CM1', '2025-09-29'),
  ('2026/224', 'SOMA', 'KAYAMBIE LYORE SAID', 'MS', '2025-09-29'),
  ('2026/736', 'KOFFI', 'YAO AXEL MERRYL', 'CE2', '2025-09-29'),
  ('2026/540', 'BAH', 'GUIH MAELLE LYRANNE', 'CP2', '2025-10-01'),
  ('2026/422', 'ACHI', 'TIMAMAEL PAUL LEANDRE', 'CP1', '2025-10-01'),
  ('2026/735', 'ASSANDY', 'MIEN KLOE ASSENA ESDRAS', 'CE2', '2025-10-03'),
  ('2026/832', 'DOHAHINON', 'CHRIST SAMUEL', 'CM1', '2025-10-03'),
  ('2026/541', 'SYLLA', 'VAME JUNIOR', 'CP2', '2025-10-03'),
  ('2026/638', 'KOYA', 'YOHAN ELIE', 'CE1', '2025-10-04'),
  ('2026/332', 'TAKI', 'ABENAN KELLEN MAELYS', 'GS', '2025-10-04'),
  ('2026/426', 'DIEKET', 'ESSINE MARIETTE', 'CP1', '2025-10-06'),
  ('2026/601', 'DOUA', 'EVE NAOMIE', 'CE1', '2025-10-06'),
  ('2026/833', 'YORO', 'PETETE BERNISE', 'CM1', '2025-10-06'),
  ('2026/333', 'YORO', 'ANGE EMANUELLE ZOE', 'GS', '2025-10-06'),
  ('2026/439', 'MONIN', 'PAUL MARIE LANOUEL', 'CP1', '2025-10-06'),
  ('2026/834', 'MONIN', 'BELLE ASRIEL KOMNEL', 'CM1', '2025-10-06'),
  ('2026/639', 'ZAKA', 'EMMANUELA BERACA', 'CE1', '2025-10-06'),
  ('2026/542', 'SORO', 'NONHONENE ZANGA KERANE', 'CP2', '2025-10-06'),
  ('2026/543', 'KOUAKOU', 'MIENCLOUA UCAL', 'CP2', '2025-10-06'),
  ('2026/207', 'ZOUKOU', 'BRITO QUEEN IBRAHIM SARAH', 'MS', '2025-10-09'),
  ('2026/709', 'KOUASSI', 'ELIRAM GBAUBYS', 'CE2', '2025-10-09'),
  ('2026/512', 'AKE', 'JEAN CALEB', 'CP2', '2025-10-09'),
  ('2026/609', 'KANE', 'NOUTOUA BENIE ARIEL', 'CE1', '2025-10-09'),
  ('2026/334', 'KOFFI', 'MIENMO NOAH STEVEN', 'GS', '2025-10-10'),
  ('2026/417', 'BELEHOUON', 'LOUANE NAHEMA', 'CP1', '2025-11-07'),
  ('2026/724', 'ADOU', 'YOW GRACE', 'CE2', '2025-11-13'),
  ('2026/536', 'YAO', 'MOAYE MIEN NIAMISSOU ANNE', 'CP2', '2025-11-13'),
  ('2026/102', 'N''GAMAN', 'DJRO JEANNE D''ARC N', 'PS', '2025-10-14'),
  ('2026/932', 'DOHAHINON', 'CHRIST SAMUEL', 'CM1', '2025-10-28'),
  ('2026/992', 'MINENE', 'RAYANE ABDALLAH', 'CM2', '2025-11-03'),
  ('2026/823', 'SILUE', 'DAVID', 'CM1', '2025-11-03'),
  ('2026/320', 'YAPI', 'CHO MARIE EXAUCEE', 'GS', '2025-11-03'),
  ('2026/715', 'KOUAME', 'KONAN PENIEL', 'CE2', '2025-11-03'),
  ('2026/208', 'KOUAKOU', 'KYLIANE ORIEL', 'MS', '2025-11-03'),
  ('2026/438', 'BALLI', 'MIENWA ASCA ELIORA', 'CP1', '2025-11-03'),
  ('2026/425', 'GBEULY', 'DAVY MARC AUREL', 'CP1', '2025-11-04'),
  ('2026/612', 'MENEGNE', 'GOHUA CHRIST DAVID', 'CE1', '2025-11-04'),
  ('2026/515', 'AGUIA', 'MOAYE MARYSE ANAELLE', 'CP2', '2025-11-04'),
  ('2026/437', 'YAO', 'ASSIMIO KYLLIAN TROYE', 'CP1', '2025-11-06'),
  ('2026/440', 'MONIN', 'PIERRE MARIE CHABE', 'CP1', '2025-11-06'),
  ('2026/533', 'N''ZI', 'YEMISSA ASTRID LYS JONAH', 'CP2', '2025-11-06'),
  ('2026/717', 'ISSOUFFOU', 'DJAROU', 'CE2', '2025-11-06'),
  ('2026/816', 'DJEDJE', 'AMA OXYLANNE', 'CM1', '2025-11-06'),
  ('2026/825', 'KOUASSI', 'KOKO RAOUL', 'CM1', '2025-11-06'),
  ('2026/826', 'KOUASSI', 'AHOUDJOUE JASPE', 'CM1', '2025-11-06');

-- -----------------------------------------------------------------------------
-- 5. Insertion des élèves (un par code école) – registration_number unique SFE001, SFE002…
-- -----------------------------------------------------------------------------
SET @next_sfe = (SELECT COALESCE(MAX(CAST(SUBSTRING(registration_number, 4) AS UNSIGNED)), 0) FROM students WHERE registration_number LIKE 'SFE%');

INSERT INTO students (first_name, last_name, student_code, registration_number, registration_mode)
SELECT first_name, last_name, student_code, CONCAT('SFE', LPAD(@next_sfe := @next_sfe + 1, 3, '0')), 'onsite'
FROM _staging_import
ORDER BY student_code
ON DUPLICATE KEY UPDATE first_name = VALUES(first_name), last_name = VALUES(last_name);

-- -----------------------------------------------------------------------------
-- 6. Inscriptions (lien élève – classe pour 2025-2026) avec DATE du CSV
-- -----------------------------------------------------------------------------
INSERT IGNORE INTO enrollments (student_id, class_id, enrollment_date, status, school_year)
SELECT s.id, c.id, COALESCE(e.enrollment_date, CURDATE()), 'active', '2025-2026'
FROM _staging_import e
JOIN students s ON s.student_code = e.student_code
JOIN classes c ON c.name = e.class_name AND c.school_year = '2025-2026';

DROP TEMPORARY TABLE IF EXISTS _staging_import;

SET FOREIGN_KEY_CHECKS = 1;